1,1,100,0,"[1, 33, 2]",013302
2,1,100,0,"[1, 34, 2]",013402
3,1,100,0,"[1, 35, 2]",013502
4,1,100,0,"[1, 36, 2]",013602
5,1,100,0,"[1, 33, 3]",013303
6,1,100,0,"[1, 34, 3]",013403
7,1,100,0,"[1, 35, 3]",013503
8,1,100,0,"[1, 36, 3]",013603
9,1,100,0,"[1, 33, 4]",013304
10,0.89,100,10,"[1, 34, 4]",013404
11,1,100,0,"[1, 35, 4]",013504
12,1,100,0,"[1, 36, 4]",013604
13,1,100,0,"[2, 33, 3]",023303
14,1,100,0,"[2, 34, 3]",023403
15,1,100,0,"[2, 35, 3]",023503
16,0.83,100,17,"[2, 36, 3]",023603
17,1,100,0,"[2, 33, 4]",023304
18,0.89,100,10,"[2, 34, 4]",023404
19,1,100,0,"[2, 35, 4]",023504
20,0.83,100,17,"[2, 36, 4]",023604
21,1,100,0,"[3, 33, 4]",033304
22,0.89,100,10,"[3, 34, 4]",033404
23,1,100,0,"[3, 35, 4]",033504
24,1,100,0,"[3, 36, 4]",033604
25,1,100,0,"[5, 37, 6]",053706
26,1,100,0,"[5, 38, 6]",053806
27,1,100,0,"[5, 39, 6]",053906
28,1,100,0,"[5, 40, 6]",054006
29,1,100,0,"[5, 37, 7]",053707
30,1,100,0,"[5, 38, 7]",053807
31,1,100,0,"[5, 39, 7]",053907
32,1,100,0,"[5, 40, 7]",054007
33,1,100,0,"[5, 37, 8]",053708
34,1,100,0,"[5, 38, 8]",053808
35,1,100,0,"[5, 39, 8]",053908
36,1,100,0,"[5, 40, 8]",054008
37,1,100,0,"[6, 37, 7]",063707
38,1,100,0,"[6, 38, 7]",063807
39,1,100,0,"[6, 39, 7]",063907
40,1,100,0,"[6, 40, 7]",064007
41,1,100,0,"[6, 37, 8]",063708
42,1,100,0,"[6, 38, 8]",063808
43,1,100,0,"[6, 39, 8]",063908
44,1,100,0,"[6, 40, 8]",064008
45,1,100,0,"[7, 37, 8]",073708
46,1,100,0,"[7, 38, 8]",073808
47,1,100,0,"[7, 39, 8]",073908
48,1,100,0,"[7, 40, 8]",074008
49,1,100,0,"[9, 41, 10]",094110
50,1,100,0,"[9, 42, 10]",094210
51,1,100,0,"[9, 43, 10]",094310
52,1,100,0,"[9, 44, 10]",094410
53,1,100,0,"[9, 41, 11]",094111
54,1,100,0,"[9, 42, 11]",094211
55,1,100,0,"[9, 43, 11]",094311
56,1,100,0,"[9, 44, 11]",094411
57,1,100,0,"[9, 41, 12]",094112
58,1,100,0,"[9, 42, 12]",094212
59,1,100,0,"[9, 43, 12]",094312
60,1,100,0,"[9, 44, 12]",094412
61,1,100,0,"[10, 41, 11]",104111
62,1,100,0,"[10, 42, 11]",104211
63,1,100,0,"[10, 43, 11]",104311
64,1,100,0,"[10, 44, 11]",104411
65,1,100,0,"[10, 41, 12]",104112
66,1,100,0,"[10, 42, 12]",104212
67,1,100,0,"[10, 43, 12]",104312
68,1,100,0,"[10, 44, 12]",104412
69,1,100,0,"[11, 41, 12]",114112
70,0.81,100,18,"[11, 42, 12]",114212
71,1,100,0,"[11, 43, 12]",114312
72,1,100,0,"[11, 44, 12]",114412
73,1,100,0,"[13, 45, 14]",134514
74,1,100,0,"[13, 46, 14]",134614
75,1,100,0,"[13, 47, 14]",134714
76,1,100,0,"[13, 48, 14]",134814
77,1,100,0,"[13, 45, 15]",134515
78,1,100,0,"[13, 46, 15]",134615
79,1,100,0,"[13, 47, 15]",134715
80,1,100,0,"[13, 48, 15]",134815
81,1,100,0,"[13, 45, 16]",134516
82,1,100,0,"[13, 46, 16]",134616
83,1,100,0,"[13, 47, 16]",134716
84,1,100,0,"[13, 48, 16]",134816
85,1,100,0,"[14, 45, 15]",144515
86,1,100,0,"[14, 46, 15]",144615
87,1,100,0,"[14, 47, 15]",144715
88,1,100,0,"[14, 48, 15]",144815
89,1,100,0,"[14, 45, 16]",144516
90,1,100,0,"[14, 46, 16]",144616
91,1,100,0,"[14, 47, 16]",144716
92,1,100,0,"[14, 48, 16]",144816
93,1,100,0,"[15, 45, 16]",154516
94,1,100,0,"[15, 46, 16]",154616
95,1,100,0,"[15, 47, 16]",154716
96,1,100,0,"[15, 48, 16]",154816
97,1,100,0,"[17, 49, 18]",174918
98,1,100,0,"[17, 50, 18]",175018
99,1,100,0,"[17, 51, 18]",175118
100,1,100,0,"[17, 52, 18]",175218
101,1,100,0,"[17, 49, 19]",174919
102,1,100,0,"[17, 50, 19]",175019
103,1,100,0,"[17, 51, 19]",175119
104,1,100,0,"[17, 52, 19]",175219
105,1,100,0,"[17, 49, 20]",174920
106,1,100,0,"[17, 50, 20]",175020
107,1,100,0,"[17, 51, 20]",175120
108,1,100,0,"[17, 52, 20]",175220
109,1,100,0,"[18, 49, 19]",184919
110,1,100,0,"[18, 50, 19]",185019
111,1,100,0,"[18, 51, 19]",185119
112,1,100,0,"[18, 52, 19]",185219
113,1,100,0,"[18, 49, 20]",184920
114,1,100,0,"[18, 50, 20]",185020
115,1,100,0,"[18, 51, 20]",185120
116,1,100,0,"[18, 52, 20]",185220
117,1,100,0,"[19, 49, 20]",194920
118,1,100,0,"[19, 50, 20]",195020
119,1,100,0,"[19, 51, 20]",195120
120,1,100,0,"[19, 52, 20]",195220
121,1,100,0,"[21, 53, 22]",215322
122,1,100,0,"[21, 54, 22]",215422
123,1,100,0,"[21, 55, 22]",215522
124,1,100,0,"[21, 56, 22]",215622
125,1,100,0,"[21, 53, 23]",215323
126,1,100,0,"[21, 54, 23]",215423
127,1,100,0,"[21, 55, 23]",215523
128,1,100,0,"[21, 56, 23]",215623
129,1,100,0,"[21, 53, 24]",215324
130,1,100,0,"[21, 54, 24]",215424
131,1,100,0,"[21, 55, 24]",215524
132,1,100,0,"[21, 56, 24]",215624
133,1,100,0,"[22, 53, 23]",225323
134,1,100,0,"[22, 54, 23]",225423
135,1,100,0,"[22, 55, 23]",225523
136,1,100,0,"[22, 56, 23]",225623
137,1,100,0,"[22, 53, 24]",225324
138,1,100,0,"[22, 54, 24]",225424
139,1,100,0,"[22, 55, 24]",225524
140,1,100,0,"[22, 56, 24]",225624
141,1,100,0,"[23, 53, 24]",235324
142,1,100,0,"[23, 54, 24]",235424
143,1,100,0,"[23, 55, 24]",235524
144,1,100,0,"[23, 56, 24]",235624
145,1,100,0,"[25, 57, 26]",255726
146,1,100,0,"[25, 58, 26]",255826
147,1,100,0,"[25, 59, 26]",255926
148,1,100,0,"[25, 60, 26]",256026
149,1,100,0,"[25, 57, 27]",255727
150,1,100,0,"[25, 58, 27]",255827
151,1,100,0,"[25, 59, 27]",255927
152,1,100,0,"[25, 60, 27]",256027
153,1,100,0,"[25, 57, 28]",255728
154,1,100,0,"[25, 58, 28]",255828
155,1,100,0,"[25, 59, 28]",255928
156,1,100,0,"[25, 60, 28]",256028
157,1,100,0,"[26, 57, 27]",265727
158,1,100,0,"[26, 58, 27]",265827
159,1,100,0,"[26, 59, 27]",265927
160,1,100,0,"[26, 60, 27]",266027
161,1,100,0,"[26, 57, 28]",265728
162,1,100,0,"[26, 58, 28]",265828
163,1,100,0,"[26, 59, 28]",265928
164,1,100,0,"[26, 60, 28]",266028
165,1,100,0,"[27, 57, 28]",275728
166,1,100,0,"[27, 58, 28]",275828
167,1,100,0,"[27, 59, 28]",275928
168,1,100,0,"[27, 60, 28]",276028
169,1,100,0,"[29, 61, 30]",296130
170,1,100,0,"[29, 62, 30]",296230
171,1,100,0,"[29, 63, 30]",296330
172,1,100,0,"[29, 64, 30]",296430
173,1,100,0,"[29, 61, 31]",296131
174,1,100,0,"[29, 62, 31]",296231
175,1,100,0,"[29, 63, 31]",296331
176,1,100,0,"[29, 64, 31]",296431
177,1,100,0,"[29, 61, 32]",296132
178,1,100,0,"[29, 62, 32]",296232
179,1,100,0,"[29, 63, 32]",296332
180,1,100,0,"[29, 64, 32]",296432
181,1,100,0,"[30, 61, 31]",306131
182,1,100,0,"[30, 62, 31]",306231
183,1,100,0,"[30, 63, 31]",306331
184,1,100,0,"[30, 64, 31]",306431
185,1,100,0,"[30, 61, 32]",306132
186,1,100,0,"[30, 62, 32]",306232
187,1,100,0,"[30, 63, 32]",306332
188,1,100,0,"[30, 64, 32]",306432
189,1,100,0,"[31, 61, 32]",316132
190,1,100,0,"[31, 62, 32]",316232
191,1,100,0,"[31, 63, 32]",316332
192,1,100,0,"[31, 64, 32]",316432
193,1,100,0,"[1, 33, 65]",013365
194,1,100,0,"[65, 37, 5]",653705
195,1,100,0,"[1, 33, 66]",013366
196,1,100,0,"[66, 37, 5]",663705
197,1,100,0,"[1, 33, 67]",013367
198,1,100,0,"[67, 37, 5]",673705
199,1,100,0,"[1, 33, 68]",013368
200,1,100,0,"[68, 37, 5]",683705
201,1,100,0,"[1, 34, 69]",013469
202,1,100,0,"[69, 38, 5]",693805
203,1,100,0,"[1, 34, 70]",013470
204,1,100,0,"[70, 38, 5]",703805
205,1,100,0,"[1, 34, 71]",013471
206,1,100,0,"[71, 38, 5]",713805
207,0.83,100,17,"[1, 34, 72]",013472
208,1,100,0,"[72, 38, 5]",723805
209,1,100,0,"[1, 35, 73]",013573
210,1,100,0,"[73, 39, 5]",733905
211,1,100,0,"[1, 35, 74]",013574
212,1,100,0,"[74, 39, 5]",743905
213,1,100,0,"[1, 35, 75]",013575
214,1,100,0,"[75, 39, 5]",753905
215,1,100,0,"[1, 35, 76]",013576
216,1,100,0,"[76, 39, 5]",763905
217,1,100,0,"[1, 36, 77]",013677
218,1,100,0,"[77, 40, 5]",774005
219,1,100,0,"[1, 36, 78]",013678
220,1,100,0,"[78, 40, 5]",784005
221,1,100,0,"[1, 36, 79]",013679
222,1,100,0,"[79, 40, 5]",794005
223,1,100,0,"[1, 36, 80]",013680
224,1,100,0,"[80, 40, 5]",804005
225,1,100,0,"[65, 37, 6]",653706
226,1,100,0,"[66, 37, 6]",663706
227,1,100,0,"[67, 37, 6]",673706
228,1,100,0,"[68, 37, 6]",683706
229,1,100,0,"[69, 38, 6]",693806
230,1,100,0,"[70, 38, 6]",703806
231,1,100,0,"[71, 38, 6]",713806
232,1,100,0,"[72, 38, 6]",723806
233,1,100,0,"[73, 39, 6]",733906
234,1,100,0,"[74, 39, 6]",743906
235,1,100,0,"[75, 39, 6]",753906
236,1,100,0,"[76, 39, 6]",763906
237,1,100,0,"[77, 40, 6]",774006
238,1,100,0,"[78, 40, 6]",784006
239,1,100,0,"[79, 40, 6]",794006
240,1,100,0,"[80, 40, 6]",804006
241,1,100,0,"[65, 37, 7]",653707
242,1,100,0,"[66, 37, 7]",663707
243,1,100,0,"[67, 37, 7]",673707
244,1,100,0,"[68, 37, 7]",683707
245,1,100,0,"[69, 38, 7]",693807
246,1,100,0,"[70, 38, 7]",703807
247,1,100,0,"[71, 38, 7]",713807
248,1,100,0,"[72, 38, 7]",723807
249,1,100,0,"[73, 39, 7]",733907
250,1,100,0,"[74, 39, 7]",743907
251,1,100,0,"[75, 39, 7]",753907
252,1,100,0,"[76, 39, 7]",763907
253,1,100,0,"[77, 40, 7]",774007
254,1,100,0,"[78, 40, 7]",784007
255,1,100,0,"[79, 40, 7]",794007
256,1,100,0,"[80, 40, 7]",804007
257,1,100,0,"[65, 37, 8]",653708
258,1,100,0,"[66, 37, 8]",663708
259,1,100,0,"[67, 37, 8]",673708
260,1,100,0,"[68, 37, 8]",683708
261,1,100,0,"[69, 38, 8]",693808
262,1,100,0,"[70, 38, 8]",703808
263,1,100,0,"[71, 38, 8]",713808
264,1,100,0,"[72, 38, 8]",723808
265,1,100,0,"[73, 39, 8]",733908
266,1,100,0,"[74, 39, 8]",743908
267,1,100,0,"[75, 39, 8]",753908
268,1,100,0,"[76, 39, 8]",763908
269,1,100,0,"[77, 40, 8]",774008
270,1,100,0,"[78, 40, 8]",784008
271,1,100,0,"[79, 40, 8]",794008
272,1,100,0,"[80, 40, 8]",804008
273,1,100,0,"[65, 41, 9]",654109
274,1,100,0,"[66, 41, 9]",664109
275,1,100,0,"[67, 41, 9]",674109
276,1,100,0,"[68, 41, 9]",684109
277,1,100,0,"[69, 42, 9]",694209
278,1,100,0,"[70, 42, 9]",704209
279,1,100,0,"[71, 42, 9]",714209
280,1,100,0,"[72, 42, 9]",724209
281,1,100,0,"[73, 43, 9]",734309
282,1,100,0,"[74, 43, 9]",744309
283,1,100,0,"[75, 43, 9]",754309
284,1,100,0,"[76, 43, 9]",764309
285,1,100,0,"[77, 44, 9]",774409
286,0.86,100,14,"[78, 44, 9]",784409
287,1,100,0,"[79, 44, 9]",794409
288,1,100,0,"[80, 44, 9]",804409
289,1,100,0,"[65, 41, 10]",654110
290,1,100,0,"[66, 41, 10]",664110
291,1,100,0,"[67, 41, 10]",674110
292,1,100,0,"[68, 41, 10]",684110
293,1,100,0,"[69, 42, 10]",694210
294,1,100,0,"[70, 42, 10]",704210
295,1,100,0,"[71, 42, 10]",714210
296,1,100,0,"[72, 42, 10]",724210
297,1,100,0,"[73, 43, 10]",734310
298,1,100,0,"[74, 43, 10]",744310
299,1,100,0,"[75, 43, 10]",754310
300,1,100,0,"[76, 43, 10]",764310
301,1,100,0,"[77, 44, 10]",774410
302,0.86,100,14,"[78, 44, 10]",784410
303,1,100,0,"[79, 44, 10]",794410
304,1,100,0,"[80, 44, 10]",804410
305,1,100,0,"[65, 41, 11]",654111
306,1,100,0,"[66, 41, 11]",664111
307,1,100,0,"[67, 41, 11]",674111
308,1,100,0,"[68, 41, 11]",684111
309,1,100,0,"[69, 42, 11]",694211
310,1,100,0,"[70, 42, 11]",704211
311,1,100,0,"[71, 42, 11]",714211
312,1,100,0,"[72, 42, 11]",724211
313,1,100,0,"[73, 43, 11]",734311
314,1,100,0,"[74, 43, 11]",744311
315,1,100,0,"[75, 43, 11]",754311
316,1,100,0,"[76, 43, 11]",764311
317,1,100,0,"[77, 44, 11]",774411
318,0.86,100,14,"[78, 44, 11]",784411
319,1,100,0,"[79, 44, 11]",794411
320,1,100,0,"[80, 44, 11]",804411
321,1,100,0,"[65, 41, 12]",654112
322,1,100,0,"[66, 41, 12]",664112
323,1,100,0,"[67, 41, 12]",674112
324,1,100,0,"[68, 41, 12]",684112
325,1,100,0,"[69, 42, 12]",694212
326,1,100,0,"[70, 42, 12]",704212
327,1,100,0,"[71, 42, 12]",714212
328,1,100,0,"[72, 42, 12]",724212
329,1,100,0,"[73, 43, 12]",734312
330,1,100,0,"[74, 43, 12]",744312
331,1,100,0,"[75, 43, 12]",754312
332,1,100,0,"[76, 43, 12]",764312
333,1,100,0,"[77, 44, 12]",774412
334,0.86,100,14,"[78, 44, 12]",784412
335,1,100,0,"[79, 44, 12]",794412
336,1,100,0,"[80, 44, 12]",804412
337,1,100,0,"[65, 45, 13]",654513
338,1,100,0,"[66, 45, 13]",664513
339,1,100,0,"[67, 45, 13]",674513
340,1,100,0,"[68, 45, 13]",684513
341,1,100,0,"[69, 46, 13]",694613
342,1,100,0,"[70, 46, 13]",704613
343,1,100,0,"[71, 46, 13]",714613
344,1,100,0,"[72, 46, 13]",724613
345,1,100,0,"[73, 47, 13]",734713
346,1,100,0,"[74, 47, 13]",744713
347,1,100,0,"[75, 47, 13]",754713
348,1,100,0,"[76, 47, 13]",764713
349,1,100,0,"[77, 48, 13]",774813
350,1,100,0,"[78, 48, 13]",784813
351,1,100,0,"[79, 48, 13]",794813
352,1,100,0,"[80, 48, 13]",804813
353,1,100,0,"[65, 45, 14]",654514
354,1,100,0,"[66, 45, 14]",664514
355,1,100,0,"[67, 45, 14]",674514
356,1,100,0,"[68, 45, 14]",684514
357,1,100,0,"[69, 46, 14]",694614
358,1,100,0,"[70, 46, 14]",704614
359,1,100,0,"[71, 46, 14]",714614
360,1,100,0,"[72, 46, 14]",724614
361,1,100,0,"[73, 47, 14]",734714
362,1,100,0,"[74, 47, 14]",744714
363,1,100,0,"[75, 47, 14]",754714
364,1,100,0,"[76, 47, 14]",764714
365,1,100,0,"[77, 48, 14]",774814
366,1,100,0,"[78, 48, 14]",784814
367,1,100,0,"[79, 48, 14]",794814
368,1,100,0,"[80, 48, 14]",804814
369,1,100,0,"[65, 45, 15]",654515
370,1,100,0,"[66, 45, 15]",664515
371,1,100,0,"[67, 45, 15]",674515
372,1,100,0,"[68, 45, 15]",684515
373,1,100,0,"[69, 46, 15]",694615
374,1,100,0,"[70, 46, 15]",704615
375,1,100,0,"[71, 46, 15]",714615
376,1,100,0,"[72, 46, 15]",724615
377,1,100,0,"[73, 47, 15]",734715
378,1,100,0,"[74, 47, 15]",744715
379,1,100,0,"[75, 47, 15]",754715
380,1,100,0,"[76, 47, 15]",764715
381,1,100,0,"[77, 48, 15]",774815
382,1,100,0,"[78, 48, 15]",784815
383,1,100,0,"[79, 48, 15]",794815
384,1,100,0,"[80, 48, 15]",804815
385,1,100,0,"[65, 45, 16]",654516
386,1,100,0,"[66, 45, 16]",664516
387,1,100,0,"[67, 45, 16]",674516
388,1,100,0,"[68, 45, 16]",684516
389,1,100,0,"[69, 46, 16]",694616
390,1,100,0,"[70, 46, 16]",704616
391,1,100,0,"[71, 46, 16]",714616
392,1,100,0,"[72, 46, 16]",724616
393,1,100,0,"[73, 47, 16]",734716
394,1,100,0,"[74, 47, 16]",744716
395,1,100,0,"[75, 47, 16]",754716
396,1,100,0,"[76, 47, 16]",764716
397,1,100,0,"[77, 48, 16]",774816
398,1,100,0,"[78, 48, 16]",784816
399,1,100,0,"[79, 48, 16]",794816
400,1,100,0,"[80, 48, 16]",804816
401,1,100,0,"[65, 49, 17]",654917
402,1,100,0,"[66, 49, 17]",664917
403,1,100,0,"[67, 49, 17]",674917
404,1,100,0,"[68, 49, 17]",684917
405,1,100,0,"[69, 50, 17]",695017
406,1,100,0,"[70, 50, 17]",705017
407,1,100,0,"[71, 50, 17]",715017
408,1,100,0,"[72, 50, 17]",725017
409,1,100,0,"[73, 51, 17]",735117
410,1,100,0,"[74, 51, 17]",745117
411,1,100,0,"[75, 51, 17]",755117
412,1,100,0,"[76, 51, 17]",765117
413,1,100,0,"[77, 52, 17]",775217
414,1,100,0,"[78, 52, 17]",785217
415,1,100,0,"[79, 52, 17]",795217
416,1,100,0,"[80, 52, 17]",805217
417,1,100,0,"[65, 49, 18]",654918
418,1,100,0,"[66, 49, 18]",664918
419,1,100,0,"[67, 49, 18]",674918
420,1,100,0,"[68, 49, 18]",684918
421,1,100,0,"[69, 50, 18]",695018
422,1,100,0,"[70, 50, 18]",705018
423,1,100,0,"[71, 50, 18]",715018
424,1,100,0,"[72, 50, 18]",725018
425,1,100,0,"[73, 51, 18]",735118
426,1,100,0,"[74, 51, 18]",745118
427,1,100,0,"[75, 51, 18]",755118
428,1,100,0,"[76, 51, 18]",765118
429,1,100,0,"[77, 52, 18]",775218
430,1,100,0,"[78, 52, 18]",785218
431,1,100,0,"[79, 52, 18]",795218
432,1,100,0,"[80, 52, 18]",805218
433,1,100,0,"[65, 49, 19]",654919
434,1,100,0,"[66, 49, 19]",664919
435,1,100,0,"[67, 49, 19]",674919
436,1,100,0,"[68, 49, 19]",684919
437,1,100,0,"[69, 50, 19]",695019
438,1,100,0,"[70, 50, 19]",705019
439,1,100,0,"[71, 50, 19]",715019
440,1,100,0,"[72, 50, 19]",725019
441,1,100,0,"[73, 51, 19]",735119
442,1,100,0,"[74, 51, 19]",745119
443,1,100,0,"[75, 51, 19]",755119
444,1,100,0,"[76, 51, 19]",765119
445,1,100,0,"[77, 52, 19]",775219
446,1,100,0,"[78, 52, 19]",785219
447,1,100,0,"[79, 52, 19]",795219
448,1,100,0,"[80, 52, 19]",805219
449,1,100,0,"[65, 49, 20]",654920
450,1,100,0,"[66, 49, 20]",664920
451,1,100,0,"[67, 49, 20]",674920
452,1,100,0,"[68, 49, 20]",684920
453,1,100,0,"[69, 50, 20]",695020
454,1,100,0,"[70, 50, 20]",705020
455,1,100,0,"[71, 50, 20]",715020
456,1,100,0,"[72, 50, 20]",725020
457,1,100,0,"[73, 51, 20]",735120
458,1,100,0,"[74, 51, 20]",745120
459,1,100,0,"[75, 51, 20]",755120
460,1,100,0,"[76, 51, 20]",765120
461,1,100,0,"[77, 52, 20]",775220
462,1,100,0,"[78, 52, 20]",785220
463,1,100,0,"[79, 52, 20]",795220
464,1,100,0,"[80, 52, 20]",805220
465,1,100,0,"[65, 53, 21]",655321
466,1,100,0,"[66, 53, 21]",665321
467,1,100,0,"[67, 53, 21]",675321
468,1,100,0,"[68, 53, 21]",685321
469,1,100,0,"[69, 54, 21]",695421
470,1,100,0,"[70, 54, 21]",705421
471,1,100,0,"[71, 54, 21]",715421
472,1,100,0,"[72, 54, 21]",725421
473,1,100,0,"[73, 55, 21]",735521
474,1,100,0,"[74, 55, 21]",745521
475,1,100,0,"[75, 55, 21]",755521
476,1,100,0,"[76, 55, 21]",765521
477,1,100,0,"[77, 56, 21]",775621
478,1,100,0,"[78, 56, 21]",785621
479,1,100,0,"[79, 56, 21]",795621
480,1,100,0,"[80, 56, 21]",805621
481,1,100,0,"[65, 53, 22]",655322
482,1,100,0,"[66, 53, 22]",665322
483,1,100,0,"[67, 53, 22]",675322
484,1,100,0,"[68, 53, 22]",685322
485,1,100,0,"[69, 54, 22]",695422
486,1,100,0,"[70, 54, 22]",705422
487,1,100,0,"[71, 54, 22]",715422
488,1,100,0,"[72, 54, 22]",725422
489,1,100,0,"[73, 55, 22]",735522
490,1,100,0,"[74, 55, 22]",745522
491,1,100,0,"[75, 55, 22]",755522
492,1,100,0,"[76, 55, 22]",765522
493,1,100,0,"[77, 56, 22]",775622
494,1,100,0,"[78, 56, 22]",785622
495,1,100,0,"[79, 56, 22]",795622
496,1,100,0,"[80, 56, 22]",805622
497,1,100,0,"[65, 53, 23]",655323
498,1,100,0,"[66, 53, 23]",665323
499,1,100,0,"[67, 53, 23]",675323
500,1,100,0,"[68, 53, 23]",685323
501,1,100,0,"[69, 54, 23]",695423
502,1,100,0,"[70, 54, 23]",705423
503,1,100,0,"[71, 54, 23]",715423
504,1,100,0,"[72, 54, 23]",725423
505,1,100,0,"[73, 55, 23]",735523
506,1,100,0,"[74, 55, 23]",745523
507,1,100,0,"[75, 55, 23]",755523
508,1,100,0,"[76, 55, 23]",765523
509,1,100,0,"[77, 56, 23]",775623
510,1,100,0,"[78, 56, 23]",785623
511,1,100,0,"[79, 56, 23]",795623
512,1,100,0,"[80, 56, 23]",805623
513,1,100,0,"[65, 53, 24]",655324
514,1,100,0,"[66, 53, 24]",665324
515,1,100,0,"[67, 53, 24]",675324
516,1,100,0,"[68, 53, 24]",685324
517,1,100,0,"[69, 54, 24]",695424
518,1,100,0,"[70, 54, 24]",705424
519,1,100,0,"[71, 54, 24]",715424
520,1,100,0,"[72, 54, 24]",725424
521,1,100,0,"[73, 55, 24]",735524
522,1,100,0,"[74, 55, 24]",745524
523,1,100,0,"[75, 55, 24]",755524
524,1,100,0,"[76, 55, 24]",765524
525,1,100,0,"[77, 56, 24]",775624
526,1,100,0,"[78, 56, 24]",785624
527,1,100,0,"[79, 56, 24]",795624
528,1,100,0,"[80, 56, 24]",805624
529,1,100,0,"[65, 57, 25]",655725
530,1,100,0,"[66, 57, 25]",665725
531,1,100,0,"[67, 57, 25]",675725
532,1,100,0,"[68, 57, 25]",685725
533,1,100,0,"[69, 58, 25]",695825
534,1,100,0,"[70, 58, 25]",705825
535,1,100,0,"[71, 58, 25]",715825
536,1,100,0,"[72, 58, 25]",725825
537,1,100,0,"[73, 59, 25]",735925
538,1,100,0,"[74, 59, 25]",745925
539,1,100,0,"[75, 59, 25]",755925
540,1,100,0,"[76, 59, 25]",765925
541,1,100,0,"[77, 60, 25]",776025
542,1,100,0,"[78, 60, 25]",786025
543,1,100,0,"[79, 60, 25]",796025
544,1,100,0,"[80, 60, 25]",806025
545,1,100,0,"[65, 57, 26]",655726
546,1,100,0,"[66, 57, 26]",665726
547,1,100,0,"[67, 57, 26]",675726
548,1,100,0,"[68, 57, 26]",685726
549,1,100,0,"[69, 58, 26]",695826
550,1,100,0,"[70, 58, 26]",705826
551,1,100,0,"[71, 58, 26]",715826
552,1,100,0,"[72, 58, 26]",725826
553,1,100,0,"[73, 59, 26]",735926
554,1,100,0,"[74, 59, 26]",745926
555,1,100,0,"[75, 59, 26]",755926
556,1,100,0,"[76, 59, 26]",765926
557,1,100,0,"[77, 60, 26]",776026
558,1,100,0,"[78, 60, 26]",786026
559,1,100,0,"[79, 60, 26]",796026
560,1,100,0,"[80, 60, 26]",806026
561,1,100,0,"[65, 57, 27]",655727
562,1,100,0,"[66, 57, 27]",665727
563,1,100,0,"[67, 57, 27]",675727
564,1,100,0,"[68, 57, 27]",685727
565,1,100,0,"[69, 58, 27]",695827
566,1,100,0,"[70, 58, 27]",705827
567,1,100,0,"[71, 58, 27]",715827
568,1,100,0,"[72, 58, 27]",725827
569,1,100,0,"[73, 59, 27]",735927
570,1,100,0,"[74, 59, 27]",745927
571,1,100,0,"[75, 59, 27]",755927
572,1,100,0,"[76, 59, 27]",765927
573,1,100,0,"[77, 60, 27]",776027
574,1,100,0,"[78, 60, 27]",786027
575,1,100,0,"[79, 60, 27]",796027
576,1,100,0,"[80, 60, 27]",806027
577,1,100,0,"[65, 57, 28]",655728
578,1,100,0,"[66, 57, 28]",665728
579,1,100,0,"[67, 57, 28]",675728
580,1,100,0,"[68, 57, 28]",685728
581,1,100,0,"[69, 58, 28]",695828
582,1,100,0,"[70, 58, 28]",705828
583,1,100,0,"[71, 58, 28]",715828
584,1,100,0,"[72, 58, 28]",725828
585,1,100,0,"[73, 59, 28]",735928
586,1,100,0,"[74, 59, 28]",745928
587,1,100,0,"[75, 59, 28]",755928
588,1,100,0,"[76, 59, 28]",765928
589,1,100,0,"[77, 60, 28]",776028
590,1,100,0,"[78, 60, 28]",786028
591,1,100,0,"[79, 60, 28]",796028
592,1,100,0,"[80, 60, 28]",806028
593,1,100,0,"[65, 61, 29]",656129
594,1,100,0,"[66, 61, 29]",666129
595,1,100,0,"[67, 61, 29]",676129
596,1,100,0,"[68, 61, 29]",686129
597,1,100,0,"[69, 62, 29]",696229
598,1,100,0,"[70, 62, 29]",706229
599,1,100,0,"[71, 62, 29]",716229
600,1,100,0,"[72, 62, 29]",726229
601,1,100,0,"[73, 63, 29]",736329
602,1,100,0,"[74, 63, 29]",746329
603,1,100,0,"[75, 63, 29]",756329
604,1,100,0,"[76, 63, 29]",766329
605,1,100,0,"[77, 64, 29]",776429
606,1,100,0,"[78, 64, 29]",786429
607,1,100,0,"[79, 64, 29]",796429
608,1,100,0,"[80, 64, 29]",806429
609,1,100,0,"[65, 61, 30]",656130
610,1,100,0,"[66, 61, 30]",666130
611,1,100,0,"[67, 61, 30]",676130
612,1,100,0,"[68, 61, 30]",686130
613,1,100,0,"[69, 62, 30]",696230
614,1,100,0,"[70, 62, 30]",706230
615,1,100,0,"[71, 62, 30]",716230
616,1,100,0,"[72, 62, 30]",726230
617,1,100,0,"[73, 63, 30]",736330
618,1,100,0,"[74, 63, 30]",746330
619,1,100,0,"[75, 63, 30]",756330
620,1,100,0,"[76, 63, 30]",766330
621,1,100,0,"[77, 64, 30]",776430
622,1,100,0,"[78, 64, 30]",786430
623,1,100,0,"[79, 64, 30]",796430
624,1,100,0,"[80, 64, 30]",806430
625,1,100,0,"[65, 61, 31]",656131
626,1,100,0,"[66, 61, 31]",666131
627,1,100,0,"[67, 61, 31]",676131
628,1,100,0,"[68, 61, 31]",686131
629,1,100,0,"[69, 62, 31]",696231
630,1,100,0,"[70, 62, 31]",706231
631,1,100,0,"[71, 62, 31]",716231
632,1,100,0,"[72, 62, 31]",726231
633,1,100,0,"[73, 63, 31]",736331
634,1,100,0,"[74, 63, 31]",746331
635,1,100,0,"[75, 63, 31]",756331
636,1,100,0,"[76, 63, 31]",766331
637,1,100,0,"[77, 64, 31]",776431
638,1,100,0,"[78, 64, 31]",786431
639,1,100,0,"[79, 64, 31]",796431
640,1,100,0,"[80, 64, 31]",806431
641,1,100,0,"[65, 61, 32]",656132
642,1,100,0,"[66, 61, 32]",666132
643,1,100,0,"[67, 61, 32]",676132
644,1,100,0,"[68, 61, 32]",686132
645,1,100,0,"[69, 62, 32]",696232
646,1,100,0,"[70, 62, 32]",706232
647,1,100,0,"[71, 62, 32]",716232
648,1,100,0,"[72, 62, 32]",726232
649,1,100,0,"[73, 63, 32]",736332
650,1,100,0,"[74, 63, 32]",746332
651,1,100,0,"[75, 63, 32]",756332
652,1,100,0,"[76, 63, 32]",766332
653,1,100,0,"[77, 64, 32]",776432
654,1,100,0,"[78, 64, 32]",786432
655,1,100,0,"[79, 64, 32]",796432
656,1,100,0,"[80, 64, 32]",806432
657,1,100,0,"[2, 33, 65]",023365
658,1,100,0,"[2, 33, 66]",023366
659,1,100,0,"[2, 33, 67]",023367
660,1,100,0,"[2, 33, 68]",023368
661,1,100,0,"[2, 34, 69]",023469
662,1,100,0,"[2, 34, 70]",023470
663,1,100,0,"[2, 34, 71]",023471
664,0.83,100,17,"[2, 34, 72]",023472
665,1,100,0,"[2, 35, 73]",023573
666,1,100,0,"[2, 35, 74]",023574
667,1,100,0,"[2, 35, 75]",023575
668,1,100,0,"[2, 35, 76]",023576
669,0.83,100,17,"[2, 36, 77]",023677
670,0.83,100,17,"[2, 36, 78]",023678
671,0.83,100,17,"[2, 36, 79]",023679
672,0.83,100,17,"[2, 36, 80]",023680
673,1,100,0,"[3, 33, 65]",033365
674,1,100,0,"[3, 33, 66]",033366
675,1,100,0,"[3, 33, 67]",033367
676,1,100,0,"[3, 33, 68]",033368
677,1,100,0,"[3, 34, 69]",033469
678,1,100,0,"[3, 34, 70]",033470
679,1,100,0,"[3, 34, 71]",033471
680,0.83,100,17,"[3, 34, 72]",033472
681,1,100,0,"[3, 35, 73]",033573
682,1,100,0,"[3, 35, 74]",033574
683,1,100,0,"[3, 35, 75]",033575
684,1,100,0,"[3, 35, 76]",033576
685,1,100,0,"[3, 36, 77]",033677
686,1,100,0,"[3, 36, 78]",033678
687,1,100,0,"[3, 36, 79]",033679
688,1,100,0,"[3, 36, 80]",033680
689,1,100,0,"[4, 33, 65]",043365
690,1,100,0,"[4, 33, 66]",043366
691,1,100,0,"[4, 33, 67]",043367
692,1,100,0,"[4, 33, 68]",043368
693,1,100,0,"[4, 34, 69]",043469
694,1,100,0,"[4, 34, 70]",043470
695,1,100,0,"[4, 34, 71]",043471
696,0.83,100,17,"[4, 34, 72]",043472
697,1,100,0,"[4, 35, 73]",043573
698,1,100,0,"[4, 35, 74]",043574
699,1,100,0,"[4, 35, 75]",043575
700,1,100,0,"[4, 35, 76]",043576
701,1,100,0,"[4, 36, 77]",043677
702,1,100,0,"[4, 36, 78]",043678
703,1,100,0,"[4, 36, 79]",043679
704,1,100,0,"[4, 36, 80]",043680
705,1,100,0,"[5, 37, 65]",053765
706,1,100,0,"[5, 37, 66]",053766
707,1,100,0,"[5, 37, 67]",053767
708,1,100,0,"[5, 37, 68]",053768
709,1,100,0,"[5, 38, 69]",053869
710,1,100,0,"[5, 38, 70]",053870
711,1,100,0,"[5, 38, 71]",053871
712,1,100,0,"[5, 38, 72]",053872
713,1,100,0,"[5, 39, 73]",053973
714,1,100,0,"[5, 39, 74]",053974
715,1,100,0,"[5, 39, 75]",053975
716,1,100,0,"[5, 39, 76]",053976
717,1,100,0,"[5, 40, 77]",054077
718,1,100,0,"[5, 40, 78]",054078
719,1,100,0,"[5, 40, 79]",054079
720,1,100,0,"[5, 40, 80]",054080
721,1,100,0,"[6, 37, 65]",063765
722,1,100,0,"[6, 37, 66]",063766
723,1,100,0,"[6, 37, 67]",063767
724,1,100,0,"[6, 37, 68]",063768
725,1,100,0,"[6, 38, 69]",063869
726,1,100,0,"[6, 38, 70]",063870
727,1,100,0,"[6, 38, 71]",063871
728,1,100,0,"[6, 38, 72]",063872
729,1,100,0,"[6, 39, 73]",063973
730,1,100,0,"[6, 39, 74]",063974
731,1,100,0,"[6, 39, 75]",063975
732,1,100,0,"[6, 39, 76]",063976
733,1,100,0,"[6, 40, 77]",064077
734,1,100,0,"[6, 40, 78]",064078
735,1,100,0,"[6, 40, 79]",064079
736,1,100,0,"[6, 40, 80]",064080
737,1,100,0,"[7, 37, 65]",073765
738,1,100,0,"[7, 37, 66]",073766
739,1,100,0,"[7, 37, 67]",073767
740,1,100,0,"[7, 37, 68]",073768
741,1,100,0,"[7, 38, 69]",073869
742,1,100,0,"[7, 38, 70]",073870
743,1,100,0,"[7, 38, 71]",073871
744,1,100,0,"[7, 38, 72]",073872
745,1,100,0,"[7, 39, 73]",073973
746,1,100,0,"[7, 39, 74]",073974
747,1,100,0,"[7, 39, 75]",073975
748,1,100,0,"[7, 39, 76]",073976
749,1,100,0,"[7, 40, 77]",074077
750,1,100,0,"[7, 40, 78]",074078
751,1,100,0,"[7, 40, 79]",074079
752,1,100,0,"[7, 40, 80]",074080
753,1,100,0,"[8, 37, 65]",083765
754,1,100,0,"[8, 37, 66]",083766
755,1,100,0,"[8, 37, 67]",083767
756,1,100,0,"[8, 37, 68]",083768
757,1,100,0,"[8, 38, 69]",083869
758,1,100,0,"[8, 38, 70]",083870
759,1,100,0,"[8, 38, 71]",083871
760,1,100,0,"[8, 38, 72]",083872
761,1,100,0,"[8, 39, 73]",083973
762,1,100,0,"[8, 39, 74]",083974
763,1,100,0,"[8, 39, 75]",083975
764,1,100,0,"[8, 39, 76]",083976
765,1,100,0,"[8, 40, 77]",084077
766,1,100,0,"[8, 40, 78]",084078
767,1,100,0,"[8, 40, 79]",084079
768,1,100,0,"[8, 40, 80]",084080
769,1,100,0,"[9, 41, 65]",094165
770,1,100,0,"[9, 41, 66]",094166
771,1,100,0,"[9, 41, 67]",094167
772,1,100,0,"[9, 41, 68]",094168
773,1,100,0,"[9, 42, 69]",094269
774,1,100,0,"[9, 42, 70]",094270
775,1,100,0,"[9, 42, 71]",094271
776,1,100,0,"[9, 42, 72]",094272
777,1,100,0,"[9, 43, 73]",094373
778,1,100,0,"[9, 43, 74]",094374
779,1,100,0,"[9, 43, 75]",094375
780,1,100,0,"[9, 43, 76]",094376
781,1,100,0,"[9, 44, 77]",094477
782,1,100,0,"[9, 44, 78]",094478
783,1,100,0,"[9, 44, 79]",094479
784,1,100,0,"[9, 44, 80]",094480
785,1,100,0,"[10, 41, 65]",104165
786,1,100,0,"[10, 41, 66]",104166
787,1,100,0,"[10, 41, 67]",104167
788,1,100,0,"[10, 41, 68]",104168
789,1,100,0,"[10, 42, 69]",104269
790,1,100,0,"[10, 42, 70]",104270
791,1,100,0,"[10, 42, 71]",104271
792,1,100,0,"[10, 42, 72]",104272
793,1,100,0,"[10, 43, 73]",104373
794,1,100,0,"[10, 43, 74]",104374
795,1,100,0,"[10, 43, 75]",104375
796,1,100,0,"[10, 43, 76]",104376
797,1,100,0,"[10, 44, 77]",104477
798,1,100,0,"[10, 44, 78]",104478
799,1,100,0,"[10, 44, 79]",104479
800,1,100,0,"[10, 44, 80]",104480
801,1,100,0,"[11, 41, 65]",114165
802,1,100,0,"[11, 41, 66]",114166
803,1,100,0,"[11, 41, 67]",114167
804,1,100,0,"[11, 41, 68]",114168
805,0.81,100,18,"[11, 42, 69]",114269
806,0.81,100,18,"[11, 42, 70]",114270
807,0.81,100,18,"[11, 42, 71]",114271
808,0.81,100,18,"[11, 42, 72]",114272
809,1,100,0,"[11, 43, 73]",114373
810,1,100,0,"[11, 43, 74]",114374
811,1,100,0,"[11, 43, 75]",114375
812,1,100,0,"[11, 43, 76]",114376
813,1,100,0,"[11, 44, 77]",114477
814,1,100,0,"[11, 44, 78]",114478
815,1,100,0,"[11, 44, 79]",114479
816,1,100,0,"[11, 44, 80]",114480
817,1,100,0,"[12, 41, 65]",124165
818,1,100,0,"[12, 41, 66]",124166
819,1,100,0,"[12, 41, 67]",124167
820,1,100,0,"[12, 41, 68]",124168
821,1,100,0,"[12, 42, 69]",124269
822,1,100,0,"[12, 42, 70]",124270
823,1,100,0,"[12, 42, 71]",124271
824,1,100,0,"[12, 42, 72]",124272
825,1,100,0,"[12, 43, 73]",124373
826,1,100,0,"[12, 43, 74]",124374
827,1,100,0,"[12, 43, 75]",124375
828,1,100,0,"[12, 43, 76]",124376
829,1,100,0,"[12, 44, 77]",124477
830,1,100,0,"[12, 44, 78]",124478
831,1,100,0,"[12, 44, 79]",124479
832,1,100,0,"[12, 44, 80]",124480
833,1,100,0,"[13, 45, 65]",134565
834,1,100,0,"[13, 45, 66]",134566
835,1,100,0,"[13, 45, 67]",134567
836,1,100,0,"[13, 45, 68]",134568
837,1,100,0,"[13, 46, 69]",134669
838,1,100,0,"[13, 46, 70]",134670
839,1,100,0,"[13, 46, 71]",134671
840,1,100,0,"[13, 46, 72]",134672
841,1,100,0,"[13, 47, 73]",134773
842,1,100,0,"[13, 47, 74]",134774
843,1,100,0,"[13, 47, 75]",134775
844,1,100,0,"[13, 47, 76]",134776
845,1,100,0,"[13, 48, 77]",134877
846,1,100,0,"[13, 48, 78]",134878
847,1,100,0,"[13, 48, 79]",134879
848,1,100,0,"[13, 48, 80]",134880
849,1,100,0,"[14, 45, 65]",144565
850,1,100,0,"[14, 45, 66]",144566
851,1,100,0,"[14, 45, 67]",144567
852,1,100,0,"[14, 45, 68]",144568
853,1,100,0,"[14, 46, 69]",144669
854,1,100,0,"[14, 46, 70]",144670
855,1,100,0,"[14, 46, 71]",144671
856,1,100,0,"[14, 46, 72]",144672
857,1,100,0,"[14, 47, 73]",144773
858,1,100,0,"[14, 47, 74]",144774
859,1,100,0,"[14, 47, 75]",144775
860,1,100,0,"[14, 47, 76]",144776
861,1,100,0,"[14, 48, 77]",144877
862,1,100,0,"[14, 48, 78]",144878
863,1,100,0,"[14, 48, 79]",144879
864,1,100,0,"[14, 48, 80]",144880
865,1,100,0,"[15, 45, 65]",154565
866,1,100,0,"[15, 45, 66]",154566
867,1,100,0,"[15, 45, 67]",154567
868,1,100,0,"[15, 45, 68]",154568
869,1,100,0,"[15, 46, 69]",154669
870,1,100,0,"[15, 46, 70]",154670
871,1,100,0,"[15, 46, 71]",154671
872,1,100,0,"[15, 46, 72]",154672
873,1,100,0,"[15, 47, 73]",154773
874,1,100,0,"[15, 47, 74]",154774
875,1,100,0,"[15, 47, 75]",154775
876,1,100,0,"[15, 47, 76]",154776
877,1,100,0,"[15, 48, 77]",154877
878,1,100,0,"[15, 48, 78]",154878
879,1,100,0,"[15, 48, 79]",154879
880,1,100,0,"[15, 48, 80]",154880
881,1,100,0,"[16, 45, 65]",164565
882,1,100,0,"[16, 45, 66]",164566
883,1,100,0,"[16, 45, 67]",164567
884,1,100,0,"[16, 45, 68]",164568
885,0.84,100,16,"[16, 46, 69]",164669
886,0.84,100,16,"[16, 46, 70]",164670
887,0.84,100,16,"[16, 46, 71]",164671
888,0.84,100,16,"[16, 46, 72]",164672
889,1,100,0,"[16, 47, 73]",164773
890,1,100,0,"[16, 47, 74]",164774
891,1,100,0,"[16, 47, 75]",164775
892,1,100,0,"[16, 47, 76]",164776
893,1,100,0,"[16, 48, 77]",164877
894,1,100,0,"[16, 48, 78]",164878
895,1,100,0,"[16, 48, 79]",164879
896,1,100,0,"[16, 48, 80]",164880
897,1,100,0,"[17, 49, 65]",174965
898,1,100,0,"[17, 49, 66]",174966
899,1,100,0,"[17, 49, 67]",174967
900,1,100,0,"[17, 49, 68]",174968
901,1,100,0,"[17, 50, 69]",175069
902,1,100,0,"[17, 50, 70]",175070
903,1,100,0,"[17, 50, 71]",175071
904,1,100,0,"[17, 50, 72]",175072
905,1,100,0,"[17, 51, 73]",175173
906,1,100,0,"[17, 51, 74]",175174
907,1,100,0,"[17, 51, 75]",175175
908,1,100,0,"[17, 51, 76]",175176
909,1,100,0,"[17, 52, 77]",175277
910,1,100,0,"[17, 52, 78]",175278
911,1,100,0,"[17, 52, 79]",175279
912,1,100,0,"[17, 52, 80]",175280
913,1,100,0,"[18, 49, 65]",184965
914,1,100,0,"[18, 49, 66]",184966
915,1,100,0,"[18, 49, 67]",184967
916,1,100,0,"[18, 49, 68]",184968
917,1,100,0,"[18, 50, 69]",185069
918,1,100,0,"[18, 50, 70]",185070
919,1,100,0,"[18, 50, 71]",185071
920,1,100,0,"[18, 50, 72]",185072
921,1,100,0,"[18, 51, 73]",185173
922,1,100,0,"[18, 51, 74]",185174
923,1,100,0,"[18, 51, 75]",185175
924,1,100,0,"[18, 51, 76]",185176
925,1,100,0,"[18, 52, 77]",185277
926,1,100,0,"[18, 52, 78]",185278
927,1,100,0,"[18, 52, 79]",185279
928,1,100,0,"[18, 52, 80]",185280
929,1,100,0,"[19, 49, 65]",194965
930,1,100,0,"[19, 49, 66]",194966
931,1,100,0,"[19, 49, 67]",194967
932,1,100,0,"[19, 49, 68]",194968
933,1,100,0,"[19, 50, 69]",195069
934,1,100,0,"[19, 50, 70]",195070
935,1,100,0,"[19, 50, 71]",195071
936,1,100,0,"[19, 50, 72]",195072
937,1,100,0,"[19, 51, 73]",195173
938,1,100,0,"[19, 51, 74]",195174
939,1,100,0,"[19, 51, 75]",195175
940,1,100,0,"[19, 51, 76]",195176
941,1,100,0,"[19, 52, 77]",195277
942,1,100,0,"[19, 52, 78]",195278
943,1,100,0,"[19, 52, 79]",195279
944,1,100,0,"[19, 52, 80]",195280
945,1,100,0,"[20, 49, 65]",204965
946,1,100,0,"[20, 49, 66]",204966
947,1,100,0,"[20, 49, 67]",204967
948,1,100,0,"[20, 49, 68]",204968
949,1,100,0,"[20, 50, 69]",205069
950,1,100,0,"[20, 50, 70]",205070
951,1,100,0,"[20, 50, 71]",205071
952,1,100,0,"[20, 50, 72]",205072
953,1,100,0,"[20, 51, 73]",205173
954,1,100,0,"[20, 51, 74]",205174
955,1,100,0,"[20, 51, 75]",205175
956,1,100,0,"[20, 51, 76]",205176
957,1,100,0,"[20, 52, 77]",205277
958,1,100,0,"[20, 52, 78]",205278
959,1,100,0,"[20, 52, 79]",205279
960,1,100,0,"[20, 52, 80]",205280
961,1,100,0,"[21, 53, 65]",215365
962,1,100,0,"[21, 53, 66]",215366
963,1,100,0,"[21, 53, 67]",215367
964,1,100,0,"[21, 53, 68]",215368
965,1,100,0,"[21, 54, 69]",215469
966,1,100,0,"[21, 54, 70]",215470
967,1,100,0,"[21, 54, 71]",215471
968,1,100,0,"[21, 54, 72]",215472
969,1,100,0,"[21, 55, 73]",215573
970,1,100,0,"[21, 55, 74]",215574
971,1,100,0,"[21, 55, 75]",215575
972,1,100,0,"[21, 55, 76]",215576
973,1,100,0,"[21, 56, 77]",215677
974,1,100,0,"[21, 56, 78]",215678
975,1,100,0,"[21, 56, 79]",215679
976,1,100,0,"[21, 56, 80]",215680
977,1,100,0,"[22, 53, 65]",225365
978,1,100,0,"[22, 53, 66]",225366
979,1,100,0,"[22, 53, 67]",225367
980,1,100,0,"[22, 53, 68]",225368
981,1,100,0,"[22, 54, 69]",225469
982,1,100,0,"[22, 54, 70]",225470
983,1,100,0,"[22, 54, 71]",225471
984,1,100,0,"[22, 54, 72]",225472
985,1,100,0,"[22, 55, 73]",225573
986,1,100,0,"[22, 55, 74]",225574
987,1,100,0,"[22, 55, 75]",225575
988,1,100,0,"[22, 55, 76]",225576
989,1,100,0,"[22, 56, 77]",225677
990,1,100,0,"[22, 56, 78]",225678
991,1,100,0,"[22, 56, 79]",225679
992,1,100,0,"[22, 56, 80]",225680
993,1,100,0,"[23, 53, 65]",235365
994,1,100,0,"[23, 53, 66]",235366
995,1,100,0,"[23, 53, 67]",235367
996,1,100,0,"[23, 53, 68]",235368
997,1,100,0,"[23, 54, 69]",235469
998,1,100,0,"[23, 54, 70]",235470
999,1,100,0,"[23, 54, 71]",235471
1000,1,100,0,"[23, 54, 72]",235472
1001,1,100,0,"[23, 55, 73]",235573
1002,1,100,0,"[23, 55, 74]",235574
1003,1,100,0,"[23, 55, 75]",235575
1004,1,100,0,"[23, 55, 76]",235576
1005,1,100,0,"[23, 56, 77]",235677
1006,1,100,0,"[23, 56, 78]",235678
1007,1,100,0,"[23, 56, 79]",235679
1008,1,100,0,"[23, 56, 80]",235680
1009,1,100,0,"[24, 53, 65]",245365
1010,1,100,0,"[24, 53, 66]",245366
1011,1,100,0,"[24, 53, 67]",245367
1012,1,100,0,"[24, 53, 68]",245368
1013,1,100,0,"[24, 54, 69]",245469
1014,1,100,0,"[24, 54, 70]",245470
1015,1,100,0,"[24, 54, 71]",245471
1016,1,100,0,"[24, 54, 72]",245472
1017,1,100,0,"[24, 55, 73]",245573
1018,1,100,0,"[24, 55, 74]",245574
1019,1,100,0,"[24, 55, 75]",245575
1020,1,100,0,"[24, 55, 76]",245576
1021,1,100,0,"[24, 56, 77]",245677
1022,1,100,0,"[24, 56, 78]",245678
1023,1,100,0,"[24, 56, 79]",245679
1024,1,100,0,"[24, 56, 80]",245680
1025,1,100,0,"[25, 57, 65]",255765
1026,1,100,0,"[25, 57, 66]",255766
1027,1,100,0,"[25, 57, 67]",255767
1028,1,100,0,"[25, 57, 68]",255768
1029,1,100,0,"[25, 58, 69]",255869
1030,1,100,0,"[25, 58, 70]",255870
1031,1,100,0,"[25, 58, 71]",255871
1032,1,100,0,"[25, 58, 72]",255872
1033,1,100,0,"[25, 59, 73]",255973
1034,1,100,0,"[25, 59, 74]",255974
1035,1,100,0,"[25, 59, 75]",255975
1036,1,100,0,"[25, 59, 76]",255976
1037,1,100,0,"[25, 60, 77]",256077
1038,1,100,0,"[25, 60, 78]",256078
1039,1,100,0,"[25, 60, 79]",256079
1040,1,100,0,"[25, 60, 80]",256080
1041,1,100,0,"[26, 57, 65]",265765
1042,1,100,0,"[26, 57, 66]",265766
1043,1,100,0,"[26, 57, 67]",265767
1044,1,100,0,"[26, 57, 68]",265768
1045,1,100,0,"[26, 58, 69]",265869
1046,1,100,0,"[26, 58, 70]",265870
1047,1,100,0,"[26, 58, 71]",265871
1048,1,100,0,"[26, 58, 72]",265872
1049,1,100,0,"[26, 59, 73]",265973
1050,1,100,0,"[26, 59, 74]",265974
1051,1,100,0,"[26, 59, 75]",265975
1052,1,100,0,"[26, 59, 76]",265976
1053,1,100,0,"[26, 60, 77]",266077
1054,1,100,0,"[26, 60, 78]",266078
1055,1,100,0,"[26, 60, 79]",266079
1056,1,100,0,"[26, 60, 80]",266080
1057,1,100,0,"[27, 57, 65]",275765
1058,1,100,0,"[27, 57, 66]",275766
1059,1,100,0,"[27, 57, 67]",275767
1060,1,100,0,"[27, 57, 68]",275768
1061,1,100,0,"[27, 58, 69]",275869
1062,1,100,0,"[27, 58, 70]",275870
1063,1,100,0,"[27, 58, 71]",275871
1064,1,100,0,"[27, 58, 72]",275872
1065,1,100,0,"[27, 59, 73]",275973
1066,1,100,0,"[27, 59, 74]",275974
1067,1,100,0,"[27, 59, 75]",275975
1068,1,100,0,"[27, 59, 76]",275976
1069,1,100,0,"[27, 60, 77]",276077
1070,1,100,0,"[27, 60, 78]",276078
1071,1,100,0,"[27, 60, 79]",276079
1072,1,100,0,"[27, 60, 80]",276080
1073,1,100,0,"[28, 57, 65]",285765
1074,1,100,0,"[28, 57, 66]",285766
1075,1,100,0,"[28, 57, 67]",285767
1076,1,100,0,"[28, 57, 68]",285768
1077,1,100,0,"[28, 58, 69]",285869
1078,1,100,0,"[28, 58, 70]",285870
1079,1,100,0,"[28, 58, 71]",285871
1080,1,100,0,"[28, 58, 72]",285872
1081,1,100,0,"[28, 59, 73]",285973
1082,1,100,0,"[28, 59, 74]",285974
1083,1,100,0,"[28, 59, 75]",285975
1084,1,100,0,"[28, 59, 76]",285976
1085,1,100,0,"[28, 60, 77]",286077
1086,1,100,0,"[28, 60, 78]",286078
1087,1,100,0,"[28, 60, 79]",286079
1088,1,100,0,"[28, 60, 80]",286080
1089,1,100,0,"[2, 33, 1]",023301
1090,1,100,0,"[2, 34, 1]",023401
1091,1,100,0,"[2, 35, 1]",023501
1092,0.83,100,17,"[2, 36, 1]",023601
1093,1,100,0,"[3, 33, 1]",033301
1094,1,100,0,"[3, 34, 1]",033401
1095,1,100,0,"[3, 35, 1]",033501
1096,1,100,0,"[3, 36, 1]",033601
1097,1,100,0,"[4, 33, 1]",043301
1098,1,100,0,"[4, 34, 1]",043401
1099,1,100,0,"[4, 35, 1]",043501
1100,1,100,0,"[4, 36, 1]",043601
1101,1,100,0,"[3, 33, 2]",033302
1102,1,100,0,"[3, 34, 2]",033402
1103,1,100,0,"[3, 35, 2]",033502
1104,1,100,0,"[3, 36, 2]",033602
1105,1,100,0,"[4, 33, 2]",043302
1106,1,100,0,"[4, 34, 2]",043402
1107,1,100,0,"[4, 35, 2]",043502
1108,1,100,0,"[4, 36, 2]",043602
1109,1,100,0,"[4, 33, 3]",043303
1110,1,100,0,"[4, 34, 3]",043403
1111,1,100,0,"[4, 35, 3]",043503
1112,1,100,0,"[4, 36, 3]",043603
1113,1,100,0,"[6, 37, 5]",063705
1114,1,100,0,"[6, 38, 5]",063805
1115,1,100,0,"[6, 39, 5]",063905
1116,1,100,0,"[6, 40, 5]",064005
1117,1,100,0,"[7, 37, 5]",073705
1118,1,100,0,"[7, 38, 5]",073805
1119,1,100,0,"[7, 39, 5]",073905
1120,1,100,0,"[7, 40, 5]",074005
1121,1,100,0,"[8, 37, 5]",083705
1122,1,100,0,"[8, 38, 5]",083805
1123,1,100,0,"[8, 39, 5]",083905
1124,1,100,0,"[8, 40, 5]",084005
1125,1,100,0,"[7, 37, 6]",073706
1126,1,100,0,"[7, 38, 6]",073806
1127,1,100,0,"[7, 39, 6]",073906
1128,1,100,0,"[7, 40, 6]",074006
1129,1,100,0,"[8, 37, 6]",083706
1130,1,100,0,"[8, 38, 6]",083806
1131,1,100,0,"[8, 39, 6]",083906
1132,1,100,0,"[8, 40, 6]",084006
1133,1,100,0,"[8, 37, 7]",083707
1134,1,100,0,"[8, 38, 7]",083807
1135,1,100,0,"[8, 39, 7]",083907
1136,1,100,0,"[8, 40, 7]",084007
1137,1,100,0,"[10, 41, 9]",104109
1138,1,100,0,"[10, 42, 9]",104209
1139,1,100,0,"[10, 43, 9]",104309
1140,1,100,0,"[10, 44, 9]",104409
1141,1,100,0,"[11, 41, 9]",114109
1142,0.81,100,18,"[11, 42, 9]",114209
1143,1,100,0,"[11, 43, 9]",114309
1144,1,100,0,"[11, 44, 9]",114409
1145,1,100,0,"[12, 41, 9]",124109
1146,1,100,0,"[12, 42, 9]",124209
1147,1,100,0,"[12, 43, 9]",124309
1148,1,100,0,"[12, 44, 9]",124409
1149,1,100,0,"[11, 41, 10]",114110
1150,0.81,100,18,"[11, 42, 10]",114210
1151,1,100,0,"[11, 43, 10]",114310
1152,1,100,0,"[11, 44, 10]",114410
1153,1,100,0,"[12, 41, 10]",124110
1154,1,100,0,"[12, 42, 10]",124210
1155,1,100,0,"[12, 43, 10]",124310
1156,1,100,0,"[12, 44, 10]",124410
1157,1,100,0,"[12, 41, 11]",124111
1158,1,100,0,"[12, 42, 11]",124211
1159,1,100,0,"[12, 43, 11]",124311
1160,1,100,0,"[12, 44, 11]",124411
1161,1,100,0,"[14, 45, 13]",144513
1162,1,100,0,"[14, 46, 13]",144613
1163,1,100,0,"[14, 47, 13]",144713
1164,1,100,0,"[14, 48, 13]",144813
1165,1,100,0,"[15, 45, 13]",154513
1166,1,100,0,"[15, 46, 13]",154613
1167,1,100,0,"[15, 47, 13]",154713
1168,1,100,0,"[15, 48, 13]",154813
1169,1,100,0,"[16, 45, 13]",164513
1170,0.84,100,16,"[16, 46, 13]",164613
1171,1,100,0,"[16, 47, 13]",164713
1172,1,100,0,"[16, 48, 13]",164813
1173,1,100,0,"[15, 45, 14]",154514
1174,1,100,0,"[15, 46, 14]",154614
1175,1,100,0,"[15, 47, 14]",154714
1176,1,100,0,"[15, 48, 14]",154814
1177,1,100,0,"[16, 45, 14]",164514
1178,0.84,100,16,"[16, 46, 14]",164614
1179,1,100,0,"[16, 47, 14]",164714
1180,1,100,0,"[16, 48, 14]",164814
1181,1,100,0,"[16, 45, 15]",164515
1182,0.84,100,16,"[16, 46, 15]",164615
1183,1,100,0,"[16, 47, 15]",164715
1184,1,100,0,"[16, 48, 15]",164815
1185,1,100,0,"[18, 49, 17]",184917
1186,1,100,0,"[18, 50, 17]",185017
1187,1,100,0,"[18, 51, 17]",185117
1188,1,100,0,"[18, 52, 17]",185217
1189,1,100,0,"[19, 49, 17]",194917
1190,1,100,0,"[19, 50, 17]",195017
1191,1,100,0,"[19, 51, 17]",195117
1192,1,100,0,"[19, 52, 17]",195217
1193,1,100,0,"[20, 49, 17]",204917
1194,1,100,0,"[20, 50, 17]",205017
1195,1,100,0,"[20, 51, 17]",205117
1196,1,100,0,"[20, 52, 17]",205217
1197,1,100,0,"[19, 49, 18]",194918
1198,1,100,0,"[19, 50, 18]",195018
1199,1,100,0,"[19, 51, 18]",195118
1200,1,100,0,"[19, 52, 18]",195218
1201,1,100,0,"[20, 49, 18]",204918
1202,1,100,0,"[20, 50, 18]",205018
1203,1,100,0,"[20, 51, 18]",205118
1204,1,100,0,"[20, 52, 18]",205218
1205,1,100,0,"[20, 49, 19]",204919
1206,1,100,0,"[20, 50, 19]",205019
1207,1,100,0,"[20, 51, 19]",205119
1208,1,100,0,"[20, 52, 19]",205219
1209,1,100,0,"[22, 53, 21]",225321
1210,1,100,0,"[22, 54, 21]",225421
1211,1,100,0,"[22, 55, 21]",225521
1212,1,100,0,"[22, 56, 21]",225621
1213,1,100,0,"[23, 53, 21]",235321
1214,1,100,0,"[23, 54, 21]",235421
1215,1,100,0,"[23, 55, 21]",235521
1216,1,100,0,"[23, 56, 21]",235621
1217,1,100,0,"[24, 53, 21]",245321
1218,1,100,0,"[24, 54, 21]",245421
1219,1,100,0,"[24, 55, 21]",245521
1220,1,100,0,"[24, 56, 21]",245621
1221,1,100,0,"[23, 53, 22]",235322
1222,1,100,0,"[23, 54, 22]",235422
1223,1,100,0,"[23, 55, 22]",235522
1224,1,100,0,"[23, 56, 22]",235622
1225,1,100,0,"[24, 53, 22]",245322
1226,1,100,0,"[24, 54, 22]",245422
1227,1,100,0,"[24, 55, 22]",245522
1228,1,100,0,"[24, 56, 22]",245622
1229,1,100,0,"[24, 53, 23]",245323
1230,1,100,0,"[24, 54, 23]",245423
1231,1,100,0,"[24, 55, 23]",245523
1232,1,100,0,"[24, 56, 23]",245623
1233,1,100,0,"[26, 57, 25]",265725
1234,1,100,0,"[26, 58, 25]",265825
1235,1,100,0,"[26, 59, 25]",265925
1236,1,100,0,"[26, 60, 25]",266025
1237,1,100,0,"[27, 57, 25]",275725
1238,1,100,0,"[27, 58, 25]",275825
1239,1,100,0,"[27, 59, 25]",275925
1240,1,100,0,"[27, 60, 25]",276025
1241,1,100,0,"[28, 57, 25]",285725
1242,1,100,0,"[28, 58, 25]",285825
1243,1,100,0,"[28, 59, 25]",285925
1244,1,100,0,"[28, 60, 25]",286025
1245,1,100,0,"[27, 57, 26]",275726
1246,1,100,0,"[27, 58, 26]",275826
1247,1,100,0,"[27, 59, 26]",275926
1248,1,100,0,"[27, 60, 26]",276026
1249,1,100,0,"[28, 57, 26]",285726
1250,1,100,0,"[28, 58, 26]",285826
1251,1,100,0,"[28, 59, 26]",285926
1252,1,100,0,"[28, 60, 26]",286026
1253,1,100,0,"[28, 57, 27]",285727
1254,1,100,0,"[28, 58, 27]",285827
1255,1,100,0,"[28, 59, 27]",285927
1256,1,100,0,"[28, 60, 27]",286027
1257,1,100,0,"[30, 61, 29]",306129
1258,1,100,0,"[30, 62, 29]",306229
1259,1,100,0,"[30, 63, 29]",306329
1260,1,100,0,"[30, 64, 29]",306429
1261,1,100,0,"[31, 61, 29]",316129
1262,1,100,0,"[31, 62, 29]",316229
1263,1,100,0,"[31, 63, 29]",316329
1264,1,100,0,"[31, 64, 29]",316429
1265,1,100,0,"[32, 61, 29]",326129
1266,1,100,0,"[32, 62, 29]",326229
1267,1,100,0,"[32, 63, 29]",326329
1268,1,100,0,"[32, 64, 29]",326429
1269,1,100,0,"[31, 61, 30]",316130
1270,1,100,0,"[31, 62, 30]",316230
1271,1,100,0,"[31, 63, 30]",316330
1272,1,100,0,"[31, 64, 30]",316430
1273,1,100,0,"[32, 61, 30]",326130
1274,1,100,0,"[32, 62, 30]",326230
1275,1,100,0,"[32, 63, 30]",326330
1276,1,100,0,"[32, 64, 30]",326430
1277,1,100,0,"[32, 61, 31]",326131
1278,1,100,0,"[32, 62, 31]",326231
1279,1,100,0,"[32, 63, 31]",326331
1280,1,100,0,"[32, 64, 31]",326431
1281,1,100,0,"[65, 33, 1]",653301
1282,1,100,0,"[66, 33, 1]",663301
1283,1,100,0,"[67, 33, 1]",673301
1284,1,100,0,"[68, 33, 1]",683301
1285,1,100,0,"[69, 34, 1]",693401
1286,1,100,0,"[70, 34, 1]",703401
1287,1,100,0,"[71, 34, 1]",713401
1288,1,100,0,"[72, 34, 1]",723401
1289,1,100,0,"[73, 35, 1]",733501
1290,1,100,0,"[74, 35, 1]",743501
1291,1,100,0,"[75, 35, 1]",753501
1292,1,100,0,"[76, 35, 1]",763501
1293,1,100,0,"[77, 36, 1]",773601
1294,1,100,0,"[78, 36, 1]",783601
1295,1,100,0,"[79, 36, 1]",793601
1296,1,100,0,"[80, 36, 1]",803601
1297,1,100,0,"[29, 61, 65]",296165
1298,1,100,0,"[29, 61, 66]",296166
1299,1,100,0,"[29, 61, 67]",296167
1300,1,100,0,"[29, 61, 68]",296168
1301,1,100,0,"[29, 62, 69]",296269
1302,1,100,0,"[29, 62, 70]",296270
1303,1,100,0,"[29, 62, 71]",296271
1304,1,100,0,"[29, 62, 72]",296272
1305,1,100,0,"[29, 63, 73]",296373
1306,1,100,0,"[29, 63, 74]",296374
1307,1,100,0,"[29, 63, 75]",296375
1308,1,100,0,"[29, 63, 76]",296376
1309,1,100,0,"[29, 64, 77]",296477
1310,1,100,0,"[29, 64, 78]",296478
1311,1,100,0,"[29, 64, 79]",296479
1312,1,100,0,"[29, 64, 80]",296480
1313,1,100,0,"[30, 61, 65]",306165
1314,1,100,0,"[30, 61, 66]",306166
1315,1,100,0,"[30, 61, 67]",306167
1316,1,100,0,"[30, 61, 68]",306168
1317,1,100,0,"[30, 62, 69]",306269
1318,1,100,0,"[30, 62, 70]",306270
1319,1,100,0,"[30, 62, 71]",306271
1320,1,100,0,"[30, 62, 72]",306272
1321,1,100,0,"[30, 63, 73]",306373
1322,1,100,0,"[30, 63, 74]",306374
1323,1,100,0,"[30, 63, 75]",306375
1324,1,100,0,"[30, 63, 76]",306376
1325,1,100,0,"[30, 64, 77]",306477
1326,1,100,0,"[30, 64, 78]",306478
1327,1,100,0,"[30, 64, 79]",306479
1328,1,100,0,"[30, 64, 80]",306480
1329,1,100,0,"[31, 61, 65]",316165
1330,1,100,0,"[31, 61, 66]",316166
1331,1,100,0,"[31, 61, 67]",316167
1332,1,100,0,"[31, 61, 68]",316168
1333,1,100,0,"[31, 62, 69]",316269
1334,1,100,0,"[31, 62, 70]",316270
1335,1,100,0,"[31, 62, 71]",316271
1336,1,100,0,"[31, 62, 72]",316272
1337,1,100,0,"[31, 63, 73]",316373
1338,1,100,0,"[31, 63, 74]",316374
1339,1,100,0,"[31, 63, 75]",316375
1340,1,100,0,"[31, 63, 76]",316376
1341,1,100,0,"[31, 64, 77]",316477
1342,1,100,0,"[31, 64, 78]",316478
1343,1,100,0,"[31, 64, 79]",316479
1344,1,100,0,"[31, 64, 80]",316480
1345,1,100,0,"[32, 61, 65]",326165
1346,1,100,0,"[32, 61, 66]",326166
1347,1,100,0,"[32, 61, 67]",326167
1348,1,100,0,"[32, 61, 68]",326168
1349,1,100,0,"[32, 62, 69]",326269
1350,1,100,0,"[32, 62, 70]",326270
1351,1,100,0,"[32, 62, 71]",326271
1352,1,100,0,"[32, 62, 72]",326272
1353,1,100,0,"[32, 63, 73]",326373
1354,1,100,0,"[32, 63, 74]",326374
1355,1,100,0,"[32, 63, 75]",326375
1356,1,100,0,"[32, 63, 76]",326376
1357,1,100,0,"[32, 64, 77]",326477
1358,1,100,0,"[32, 64, 78]",326478
1359,1,100,0,"[32, 64, 79]",326479
1360,1,100,0,"[32, 64, 80]",326480
1361,1,100,0,"[65, 33, 2]",653302
1362,1,100,0,"[66, 33, 2]",663302
1363,1,100,0,"[67, 33, 2]",673302
1364,1,100,0,"[68, 33, 2]",683302
1365,1,100,0,"[69, 34, 2]",693402
1366,1,100,0,"[70, 34, 2]",703402
1367,1,100,0,"[71, 34, 2]",713402
1368,1,100,0,"[72, 34, 2]",723402
1369,1,100,0,"[73, 35, 2]",733502
1370,1,100,0,"[74, 35, 2]",743502
1371,1,100,0,"[75, 35, 2]",753502
1372,1,100,0,"[76, 35, 2]",763502
1373,1,100,0,"[77, 36, 2]",773602
1374,1,100,0,"[78, 36, 2]",783602
1375,1,100,0,"[79, 36, 2]",793602
1376,1,100,0,"[80, 36, 2]",803602
1377,1,100,0,"[65, 33, 3]",653303
1378,1,100,0,"[66, 33, 3]",663303
1379,1,100,0,"[67, 33, 3]",673303
1380,1,100,0,"[68, 33, 3]",683303
1381,1,100,0,"[69, 34, 3]",693403
1382,1,100,0,"[70, 34, 3]",703403
1383,1,100,0,"[71, 34, 3]",713403
1384,1,100,0,"[72, 34, 3]",723403
1385,1,100,0,"[73, 35, 3]",733503
1386,1,100,0,"[74, 35, 3]",743503
1387,1,100,0,"[75, 35, 3]",753503
1388,1,100,0,"[76, 35, 3]",763503
1389,1,100,0,"[77, 36, 3]",773603
1390,1,100,0,"[78, 36, 3]",783603
1391,1,100,0,"[79, 36, 3]",793603
1392,1,100,0,"[80, 36, 3]",803603
1393,1,100,0,"[65, 33, 4]",653304
1394,1,100,0,"[66, 33, 4]",663304
1395,1,100,0,"[67, 33, 4]",673304
1396,1,100,0,"[68, 33, 4]",683304
1397,0.89,100,10,"[69, 34, 4]",693404
1398,0.89,100,10,"[70, 34, 4]",703404
1399,0.89,100,10,"[71, 34, 4]",713404
1400,0.89,100,10,"[72, 34, 4]",723404
1401,1,100,0,"[73, 35, 4]",733504
1402,1,100,0,"[74, 35, 4]",743504
1403,1,100,0,"[75, 35, 4]",753504
1404,1,100,0,"[76, 35, 4]",763504
1405,1,100,0,"[77, 36, 4]",773604
1406,1,100,0,"[78, 36, 4]",783604
1407,1,100,0,"[79, 36, 4]",793604
1408,1,100,0,"[80, 36, 4]",803604
